{"cameraMode":{"drawMode":0,"name":"Shaded","section":"Shading Mode"},"sceneLighting":false,"audioPlay":false,"sceneViewState":{"showFog":true,"showMaterialUpdate":false,"showSkybox":false,"showFlares":true,"showImageEffects":true,"showParticleSystems":true},"in2DMode":false,"pivot":{"x":1048.5999755859375,"y":279.5999755859375,"z":0.0},"rotation":{"x":-0.04143807664513588,"y":-0.022717949002981187,"z":-0.0012418085243552924,"w":-0.9992244243621826},"size":847.249267578125,"orthographic":true}