{"cameraMode":{"drawMode":0,"name":"Shaded","section":"Shading Mode"},"sceneLighting":true,"audioPlay":false,"sceneViewState":{"showFog":true,"showMaterialUpdate":false,"showSkybox":true,"showFlares":true,"showImageEffects":true,"showParticleSystems":true},"in2DMode":false,"pivot":{"x":204.66128540039063,"y":174.37879943847657,"z":-106.54988098144531},"rotation":{"x":-0.11484340578317642,"y":0.3294559419155121,"z":-0.049802735447883609,"w":-0.9367099404335022},"size":537.24072265625,"orthographic":true}