{"cameraMode":{"drawMode":0,"name":"Shaded","section":"Shading Mode"},"sceneLighting":true,"audioPlay":false,"sceneViewState":{"showFog":true,"showMaterialUpdate":false,"showSkybox":true,"showFlares":true,"showImageEffects":true,"showParticleSystems":true},"in2DMode":false,"pivot":{"x":-3.829185724258423,"y":-9.047487258911133,"z":-3.1147360801696779},"rotation":{"x":0.7663602232933044,"y":0.011609980836510659,"z":-0.013760915957391262,"w":0.6422231197357178},"size":25.946645736694337,"orthographic":false}