{"cameraMode":{"drawMode":0,"name":"Shaded","section":"Shading Mode"},"sceneLighting":false,"audioPlay":false,"sceneViewState":{"showFog":true,"showMaterialUpdate":false,"showSkybox":false,"showFlares":true,"showImageEffects":true,"showParticleSystems":true},"in2DMode":false,"pivot":{"x":0.0,"y":1.5000005960464478,"z":-3.1132913136389109e-7},"rotation":{"x":-0.0065736970864236359,"y":0.9930480718612671,"z":-0.10375113040208817,"w":-0.06285121291875839},"size":7.000362873077393,"orthographic":true}