{"cameraMode":{"drawMode":0,"name":"Shaded","section":"Shading Mode"},"sceneLighting":false,"audioPlay":false,"sceneViewState":{"showFog":true,"showMaterialUpdate":false,"showSkybox":false,"showFlares":true,"showImageEffects":true,"showParticleSystems":true},"in2DMode":false,"pivot":{"x":1.3317806720733643,"y":0.07500003278255463,"z":-0.7940046787261963},"rotation":{"x":0.44177234172821047,"y":-0.0011025437852367759,"z":0.011110535822808743,"w":0.8980879783630371},"size":7.863388538360596,"orthographic":true}