{"cameraMode":{"drawMode":0,"name":"Shaded","section":"Shading Mode"},"sceneLighting":false,"audioPlay":false,"sceneViewState":{"showFog":true,"showMaterialUpdate":false,"showSkybox":false,"showFlares":true,"showImageEffects":true,"showParticleSystems":true},"in2DMode":false,"pivot":{"x":-2.2579023838043215,"y":1.8790814876556397,"z":-3.0170705318450929},"rotation":{"x":0.7245211601257324,"y":-0.0020261576864868404,"z":0.002207227749750018,"w":0.6893086433410645},"size":4.993008613586426,"orthographic":false}