{"cameraMode":{"drawMode":0,"name":"Shaded","section":"Shading Mode"},"sceneLighting":false,"audioPlay":false,"sceneViewState":{"showFog":true,"showMaterialUpdate":false,"showSkybox":false,"showFlares":true,"showImageEffects":true,"showParticleSystems":true},"in2DMode":false,"pivot":{"x":-262.0335998535156,"y":1.118790626525879,"z":-1.2442855834960938},"rotation":{"x":-0.3263995349407196,"y":-0.21032579243183137,"z":0.07281152158975601,"w":-0.9192294478416443},"size":7.371081829071045,"orthographic":true}