{"cameraMode":{"drawMode":0,"name":"Shaded","section":"Shading Mode"},"sceneLighting":false,"audioPlay":false,"sceneViewState":{"showFog":true,"showMaterialUpdate":false,"showSkybox":false,"showFlares":true,"showImageEffects":true,"showParticleSystems":true},"in2DMode":false,"pivot":{"x":9.049870491027832,"y":5.465485572814941,"z":30.553470611572267},"rotation":{"x":-0.08138993382453919,"y":0.8054700493812561,"z":-0.11383458971977234,"w":-0.5758873820304871},"size":17.10936737060547,"orthographic":false}