{"cameraMode":{"drawMode":0,"name":"Shaded","section":"Shading Mode"},"sceneLighting":true,"audioPlay":false,"sceneViewState":{"showFog":true,"showMaterialUpdate":false,"showSkybox":true,"showFlares":true,"showImageEffects":true,"showParticleSystems":true},"in2DMode":false,"pivot":{"x":-47.655757904052737,"y":-1.6319862604141236,"z":6.323734283447266},"rotation":{"x":-0.5013471245765686,"y":-0.04471961036324501,"z":0.011757714673876763,"w":-0.865063488483429},"size":28.832626342773439,"orthographic":true}