{"cameraMode":{"drawMode":0,"name":"Shaded","section":"Shading Mode"},"sceneLighting":true,"audioPlay":false,"sceneViewState":{"showFog":true,"showMaterialUpdate":false,"showSkybox":true,"showFlares":true,"showImageEffects":true,"showParticleSystems":true},"in2DMode":false,"pivot":{"x":-5.441540241241455,"y":-9.45720100402832,"z":-1.7047306299209595},"rotation":{"x":0.7245211601257324,"y":-0.0020261576864868404,"z":0.002207227749750018,"w":0.6893086433410645},"size":29.779552459716798,"orthographic":false}